,account,twitter_link,text,date,likes,comments
0,JoeBiden,https://twitter.com/JoeBiden/status/1746642116657176685#m,"As too many Americans know: Access to quality, affordable health care can mean the difference between life and death, and hope and fear.   Thatâ€™s why I encourage everyone to visit https://HealthCare.gov before January 16 to sign up for health coverage this year.","Jan 14, 2024 Â· 9:15 PM UTC",4781,1483
1,JoeBiden,https://twitter.com/JoeBiden/status/1746577967948415215#m,"I said weâ€™d invest in all of Americaâ€”and we are.   We have more to do, but the results are clear:   Over 14 million jobs, record economic growth, and the lowest inflation rate of any major economy in the world.","Jan 14, 2024 Â· 5:00 PM UTC",10125,4282
2,JoeBiden,https://twitter.com/JoeBiden/status/1746271148776575473#m,"In the wake of the Supreme Courtâ€™s decision on our student debt relief plan, we are continuing to use every tool at our disposal to deliver student debt relief to as many borrowers as possible as quickly as possible.  I wonâ€™t back down.","Jan 13, 2024 Â· 8:41 PM UTC",20509,9182
3,JoeBiden,https://twitter.com/JoeBiden/status/1746226922709737836#m,"Hey, big head.  If you order a sign from our campaign store, you could receive one signed by me.  Get yours today: joe.link/yardsign","Jan 13, 2024 Â· 5:45 PM UTC",12682,9564
4,JoeBiden,https://twitter.com/JoeBiden/status/1746200479766356289#m,"Every time someone starts a new small business, itâ€™s an act of hope and confidence in our economy. This week, we learned that Americans filed 16 million new business applications during the first three years of my administration.","Jan 13, 2024 Â· 4:00 PM UTC",11894,3643
5,JoeBiden,https://twitter.com/JoeBiden/status/1745960350913069437#m,Those pushing the Big Lie don't have respect for the 81 million people who voted for my presidency.  That's not democracy. Thatâ€™s not America.,"Jan 13, 2024 Â· 12:06 AM UTC",53497,33866
6,JoeBiden,https://twitter.com/JoeBiden/status/1745915576717832615#m,"Yesterdayâ€™s report shows that we ended 2023 with inflation down nearly two-thirds from its peak and core inflation at its lowest level since May 2021.   Despite what many forecasters predicted a year ago, inflation is down while growth and the job market have remained strong.","Jan 12, 2024 Â· 9:08 PM UTC",13379,5143
7,JoeBiden,https://twitter.com/JoeBiden/status/1745883379025801589#m,"Starting next month, borrowers enrolled in SAVE who took out less than $12,000 in loans and have been in repayment for 10 years will get their remaining student debt canceled immediately.  Itâ€™s part of our ongoing efforts to act quickly to give more borrowers breathing room.","Jan 12, 2024 Â· 7:00 PM UTC",9739,3683
8,JoeBiden,https://twitter.com/JoeBiden/status/1745838867507245556#m,"My predecessor tried to strip millions of people of their health care coverage, end Medicaid coverage for millions more, and return to the days when insurance companies had free reign to deny coverage based on pre-existing conditions and charge women more than men.   I wonâ€™t let it happen on my watch.","Jan 12, 2024 Â· 4:03 PM UTC",20830,7755
9,JoeBiden,https://twitter.com/JoeBiden/status/1745604093953941970#m,"When it comes to gun violence, we donâ€™t have to â€œget over it.â€   We have to stop it.","Jan 12, 2024 Â· 12:30 AM UTC",33767,11630
10,JoeBiden,https://twitter.com/JoeBiden/status/1745551424505663761#m,"The Affordable Care Act is more popular than ever.  Thanks to our efforts, millions of Americans are saving hundreds or thousands of dollars each year on health insurance premiums, and most people who shop for coverage at https://HealthCare.gov can find a plan for $10 a month or less.","Jan 11, 2024 Â· 9:01 PM UTC",8770,3027
11,JoeBiden,https://twitter.com/JoeBiden/status/1745508403844157619#m,"This week, we hit a major milestone in lowering costs and ensuring all Americans have access to quality, affordable health care: a record-breaking 20 million Americans have enrolled in health care coverage through the Affordable Care Act marketplaces.","Jan 11, 2024 Â· 6:10 PM UTC",11351,3345
12,JoeBiden,https://twitter.com/JoeBiden/status/1745470711148261673#m,They showed me the clip of Trump saying he wanted the economy to crash so he could gain politically. Says he doesnâ€™t want to be Hoover.   Here's the thing: He already is. Heâ€™s the first president since Hoover to lose jobs while in office. Some record.,"Jan 11, 2024 Â· 3:40 PM UTC",62452,14628
13,JoeBiden,https://twitter.com/JoeBiden/status/1745290159304622336#m,Just like he said: he did it.,"Jan 11, 2024 Â· 3:42 AM UTC",68360,10837
14,JoeBiden,https://twitter.com/JoeBiden/status/1745214205676949814#m,"Trump exhausted every legal avenue available to him to overturn the election, but the legal path just took him back to the truth: that I won the electionâ€”and he lost.","Jan 10, 2024 Â· 10:41 PM UTC",57163,25987
15,JoeBiden,https://twitter.com/JoeBiden/status/1745177453734051976#m,"After a historic movement for justice in the summer of 2020, I signed the most significant police reform executive order in history.   Now, Congress has to step up and make it the law of the land.","Jan 10, 2024 Â· 8:15 PM UTC",7919,3015
16,JoeBiden,https://twitter.com/POTUS/status/1745108307742797876#m,"Folks, I have two big announcements.   A record-breaking 20 million Americans have enrolled in health care coverage through the ACA.   And you have until January 16 join them and get covered this season at https://HealthCare.gov.","Jan 10, 2024 Â· 3:40 PM UTC",16924,4901
17,JoeBiden,https://twitter.com/JoeBiden/status/1744826399431500124#m,Let me be clear for those who don't seem to know: Slavery was the cause of the Civil War.,"Jan 9, 2024 Â· 9:00 PM UTC",74088,20819
18,JoeBiden,https://twitter.com/JoeBiden/status/1744765499395694709#m,You canâ€™t be pro-insurrectionist and pro-American.,"Jan 9, 2024 Â· 4:58 PM UTC",26254,13760
19,JoeBiden,https://twitter.com/JoeBiden/status/1744500250214039626#m,"It was great to be back with my friends at Mother Emanuel Church in South Carolina.  Because of this congregation and the Black community of South Carolina, I stand here today as your president. Thatâ€™s a fact.","Jan 8, 2024 Â· 11:24 PM UTC",15187,3925
20,RepDeanPhillips,https://twitter.com/RepDeanPhillips/status/1548293372430802944#m,"Women are not the property of their State, so they can travel between them for any reason they damn well please.","Jul 16, 2022 Â· 1:08 PM UTC",188657,3238
21,RepDeanPhillips,https://twitter.com/RepDeanPhillips/status/1743623954001219620#m,"I agree! That's why @RepJasonCrow, @RepDanGoldman, and I introduced a resolution to honor @CapitolPolice, whose actions in the face of personal danger preserved our 220+ year tradition of democratic transitions of power, and permanently designate Jan. 6th as Democracy Day in ğŸ‡ºğŸ‡¸.","Jan 6, 2024 Â· 1:22 PM UTC",46,53
22,RepDeanPhillips,https://twitter.com/HuffPost/status/1743378271914410019#m,The Other Jan. 6 Tapes: Newly Obtained Videos Show Trauma Of Attack On House Democrats https://www.huffpost.com/entry/other-jan-6-tapes-show-trauma_n_65983871e4b0bfe5ff63172e?d_id=7146828&ncid_tag=tweetlnkushpmg00000067&utm_medium=Social&utm_source=Twitter&utm_campaign=us_main,"Jan 5, 2024 Â· 9:05 PM UTC",59,15
23,RepDeanPhillips,https://twitter.com/RepDeanPhillips/status/1737515827954438574#m,"Americans are begging us to bring their health care costs down and outcomes up, so today, I'm cosponsoring #MedicareForAll. I thank @RepJayapal for her leadership and look forward to building a system that prioritizes people over profits. My statement: https://phillips.house.gov/news/documentsingle.aspx?DocumentID=1006","Dec 20, 2023 Â· 4:50 PM UTC",57,30
24,RepDeanPhillips,https://twitter.com/RepDeanPhillips/status/1737515826784186523#m,"Listening to and learning from my constituents, community & colleagues taught me that America doesn't have a health care system. We have a sick care system, and it's time for an overhaul. #MedicareForAll isnâ€™t just the right decision, itâ€™s the pragmatic and financially sound one.","Dec 20, 2023 Â· 4:50 PM UTC",174,105
25,RepDeanPhillips,https://twitter.com/RepDeanPhillips/status/1728119120091111814#m,Representing our nation's most civically engaged community in Congress has been the most joyful experience of my life.   Now itâ€™s time to pass the torch - with gratitude and optimism.   https://phillips.house.gov/news/documentsingle.aspx?DocumentID=1003,"Nov 24, 2023 Â· 6:31 PM UTC",150,220
26,RepDeanPhillips,https://twitter.com/RepDeanPhillips/status/1725577180737057149#m,"The seventy-five year cycle of human bloodshed must end.  Itâ€™s time for a multi-national coalition to create conditions for Israel and Palestine to live side-by-side in mutual security, self-determination, and prosperity.  Please read my statement on the crisis and path forward:","Nov 17, 2023 Â· 6:10 PM UTC",170,108
27,RepDeanPhillips,https://twitter.com/RepDeanPhillips/status/1720183318807712169#m,"I'm disgusted that Speaker Johnson's first move as Speaker is to play politics with Israel - offsetting desperately needed assistance with funds meant to hold tax evaders accountable. This effort raises the deficit, undermines U.S. leadership, & emboldens Iran. No more games.","Nov 2, 2023 Â· 8:57 PM UTC",324,225
28,RepDeanPhillips,https://twitter.com/RepDeanPhillips/status/1720145554166943777#m,"The censure was an irresponsible, shameful, and dangerous political stunt and Iâ€™m glad to see Democrats and Republicans joined hands to put an end to this damaging accusation. (3/3)","Nov 2, 2023 Â· 6:27 PM UTC",145,15
29,RepDeanPhillips,https://twitter.com/RepDeanPhillips/status/1720145552900243960#m,"The censure resolution was introduced by a Member of Congress who has a documented history of spewing hate speech, including antisemitic tropes, and *continues* to sympathize with January 6th insurrectionists. (2/3)","Nov 2, 2023 Â· 6:27 PM UTC",119,17
30,RepDeanPhillips,https://twitter.com/RepDeanPhillips/status/1720145551285473411#m,.@RepRashida and I have a remarkable friendship. We honor our different lived experiences. We have cried together. We respect one another. And we have fundamental policy differences. (1/3),"Nov 2, 2023 Â· 6:27 PM UTC",183,65
31,RepDeanPhillips,https://twitter.com/RepDeanPhillips/status/1719838441402225014#m,My heartfelt condolences go out to the family and friends impacted by this violence. (2/2) https://www.cnn.com/2023/10/31/world/palestinian-american-family-relatives-killed-gaza/index.html,"Nov 1, 2023 Â· 10:06 PM UTC",37,2
32,RepDeanPhillips,https://twitter.com/RepDeanPhillips/status/1719838440009662585#m,I am devastated to learn about the members of our community whose family was killed during the ongoing violence between Israel and Hamas in Gaza. Israel must take every precaution to limit civilian harm throughout this operation to defend itself against terrorism. (1/2),"Nov 1, 2023 Â· 10:06 PM UTC",89,42
33,RepDeanPhillips,https://twitter.com/RepDeanPhillips/status/1717515058375250383#m,"Heartbroken by the massive loss of life in Lewiston, and disgusted that the greatest nation in the world remains unwilling to do anything about it. Solutions exist across the political spectrum, we just need the courage. And we need it now.","Oct 26, 2023 Â· 12:14 PM UTC",494,503
34,RepDeanPhillips,https://twitter.com/RepDeanPhillips/status/1716787827713732972#m,"The dysfunction in the House is a national and global security issue.  I would sit-out the Speaker vote if Tom Emmer will fund our government at negotiated levels, bring Ukraine and Israel aid bills to the floor, and commit to rules changes to make Congress work for the people.ğŸ‡ºğŸ‡¸","Oct 24, 2023 Â· 12:04 PM UTC",780,544
35,RepDeanPhillips,https://twitter.com/RepDeanPhillips/status/1716447181089947665#m,"Empty Shabbat seats for the 199 civilian hostages being held by Hamas in Gaza. The loss of Israeli & Palestinian lives over the years is a stain on all humanity, the threats against the US Jewish and Muslim communities are disgusting and un-American, and we must unify for peace.","Oct 23, 2023 Â· 1:31 PM UTC",318,77
36,RepDeanPhillips,https://twitter.com/RepDeanPhillips/status/1716130912977490224#m,"It would be great to have a Minnesotan serve as Speaker of the House. If @GOPMajorityWhip Tom Emmer becomes the GOP nominee, I invite him to work with Democrats on a bipartisan path to end the nonsense and reform the House so it starts working for people. Itâ€™s time. ğŸ¤","Oct 22, 2023 Â· 4:34 PM UTC",509,313
37,RepDeanPhillips,https://twitter.com/RepDeanPhillips/status/1715427125635780661#m,"Patriotism means protecting your fellow Americans, not threatening them. From sickening attacks and threats to my Muslim colleagues, Jewish colleagues, and even colleagues across the aisle who arenâ€™t voting for Jim Jordan, stop this nonsense and be real patriots. ğŸ‡ºğŸ‡¸","Oct 20, 2023 Â· 5:57 PM UTC",264,94
38,RepDeanPhillips,https://twitter.com/RepDeanPhillips/status/1715200266163683681#m,"President Biden issued an outstanding speech this evening, making a strong case for why we must support Ukraine, Israel, and all who seek self-determination, security, and peace. Thatâ€™s what America does.","Oct 20, 2023 Â· 2:56 AM UTC",464,248
39,RepDeanPhillips,https://twitter.com/RepDeanPhillips/status/1714752501235212607#m,"UN constraints on Iran's ballistic missile program are expiring today. In light of the regimeâ€™s continued malign activity, the United States and our allies must counter Iranâ€™s missile & UAV programs by strictly enforcing sanctions, and Congress must pass the Fight CRIME Act now.","Oct 18, 2023 Â· 9:17 PM UTC",52,27
40,marwilliamson,https://twitter.com/marwilliamson/status/1746394797651145022#m,With all due respect @SenSanders there is a candidate doing exactly what you say needs to be done. https://www.theguardian.com/us-news/2024/jan/13/sanders-warns-biden-working-class-voters-presidential-election,"Jan 14, 2024 Â· 4:52 AM UTC",737,68
41,marwilliamson,https://twitter.com/marwilliamson/status/1746609814753497274#m,These border agents apparently never heard of the Nuremberg trials. The fact that a superior told you you could not save the lives of a drowning mother and her two children is not an excuse.,"Jan 14, 2024 Â· 7:06 PM UTC",224,32
42,marwilliamson,https://twitter.com/marwilliamson/status/1746573365517648335#m,Itâ€™s not enough to say â€œThis conversation is over.â€ We need  the military support to be over. #CeasefireNOW,"Jan 14, 2024 Â· 4:41 PM UTC",232,19
43,marwilliamson,https://twitter.com/marwilliamson/status/1746548699658916318#m,Marianne2024.com,"Jan 14, 2024 Â· 3:03 PM UTC",57,2
44,marwilliamson,https://twitter.com/marwilliamson/status/1746548451381322034#m,Number 7 of my 21st Century Economic Bill of Rights is Baby Bonds. #Marianne2024 #2024election,"Jan 14, 2024 Â· 3:02 PM UTC",143,15
45,marwilliamson,https://twitter.com/marwilliamson/status/1746530109501174219#m,For Democrats to nominate Biden is to walk the path of disaster in 2024. We will not win by offering people more of what they had in the past. We will win by offering people the hope of a much better future. #WilliamsonForTheWin 4/4,"Jan 14, 2024 Â· 1:50 PM UTC",93,9
46,marwilliamson,https://twitter.com/marwilliamson/status/1746530107911548936#m,There is a political earthquake brewing in America and it does not bode well for Biden. With RFK in the race we shouldn't be so sure Biden would even come in second. 3/4,"Jan 14, 2024 Â· 1:50 PM UTC",79,8
47,marwilliamson,https://twitter.com/marwilliamson/status/1746530106112164347#m,Their denial has reached crisis proportions. Acquiescence to that concocted narrative is not practical; it is delusional. 2/4,"Jan 14, 2024 Â· 1:50 PM UTC",62,2
48,marwilliamson,https://twitter.com/marwilliamson/status/1746530086545662010#m,Many traditional Democrats - aided and abetted by progressive politicians and non-profits who in their hearts know better - support Biden on the basis of the increasingly absurd proposition that he is the only one who can beat Trump. 1/4,"Jan 14, 2024 Â· 1:49 PM UTC",216,52
49,marwilliamson,https://twitter.com/marwilliamson/status/1746508336357310850#m,I visited this area of Eagle Pass about a month ago. I saw the buoys and learned how people drown from them. I saw a hand made monument erected to the 1500 people who died in the Rio Grande last year trying to get across.        May God forgive us. #ImpeachGregAbbott,"Jan 14, 2024 Â· 12:23 PM UTC",207,48
50,marwilliamson,https://twitter.com/marwilliamson/status/1746395788446470289#m,I agree. Which is why I have one: https://marianne2024.com/economic-bill-of-rights/,"Jan 14, 2024 Â· 4:56 AM UTC",305,26
51,marwilliamson,https://twitter.com/marwilliamson/status/1746331159682802061#m,"Join me Monday 1/15 at Rebel House in Newington, NH.Â   More information at Events.Marianne2024.com","Jan 14, 2024 Â· 12:39 AM UTC",78,4
52,marwilliamson,https://twitter.com/marwilliamson/status/1746312125243424981#m,Full Climate Action video: https://youtu.be/37bPnQFTnFk?si=sBEY8UEk2JGhgm0P,"Jan 13, 2024 Â· 11:23 PM UTC",26,1
53,marwilliamson,https://twitter.com/marwilliamson/status/1746312123368493095#m,#ClimateAction,"Jan 13, 2024 Â· 11:23 PM UTC",105,11
54,marwilliamson,https://twitter.com/marwilliamson/status/1746249199065133134#m,#2024election @deanbphillips @cenkuygur,"Jan 13, 2024 Â· 7:13 PM UTC",208,20
55,marwilliamson,https://twitter.com/marwilliamson/status/1746237909429084166#m,Full Interview: https://www.youtube.com/live/Iovp4A9bZSY?si=5i0Us9Z-c1SI-gQX,"Jan 13, 2024 Â· 6:28 PM UTC",25,1
56,marwilliamson,https://twitter.com/marwilliamson/status/1746237907201880306#m,#Marianne2024,"Jan 13, 2024 Â· 6:28 PM UTC",92,2
57,marwilliamson,https://twitter.com/marwilliamson/status/1746229907112259602#m,"Iâ€™m looking forward to speaking at the Red River Theater in Concord, NH on Sunday, January 14.  More info at Events.Marianne2024.com.","Jan 13, 2024 Â· 5:57 PM UTC",69,2
58,marwilliamson,https://twitter.com/marwilliamson/status/1746227537045303741#m,"Join me in Concord, Forest Lake, Littleton and Center Sandwich, NH on Sunday, January 14.  More info at Events.Marianne2024.com.","Jan 13, 2024 Â· 5:47 PM UTC",63,7
59,marwilliamson,https://twitter.com/marwilliamson/status/1746205411236065639#m,FULL FORUM: https://youtu.be/lZwoy5HXzsU?si=eaeJCTc4Q8ksr711,"Jan 13, 2024 Â· 4:19 PM UTC",57,9
60,cenkuygur,https://twitter.com/cenkuygur/status/1746570728596721776#m,"So, the Democratic Party is saying theyâ€™re ok with losing. Thatâ€™s amazing. Theyâ€™d rather lose to Trump than challenge someone in Democratic leadership. Thatâ€™s pathetic. Even die hard Democrats understand that there is no coming back from 33% approval rating in an election year.","Jan 14, 2024 Â· 4:31 PM UTC",267,63
61,cenkuygur,https://twitter.com/cenkuygur/status/1746570726830932419#m,I canâ€™t believe Joe Biden is still running. No one believes he can win at this point. Heâ€™s 19 points lower than in 2020 when he barely won the electoral college. Youâ€™re detached from reality if you think heâ€™s going to pull off the biggest comeback in American political history.,"Jan 14, 2024 Â· 4:31 PM UTC",1944,564
62,cenkuygur,https://twitter.com/davidsirota/status/1746181436758000099#m,"pretty wild that a president can wake up one morning and decide on a whim to ignore Congress and start World War III, but the minimum wage allegedly canâ€™t be increased because of a parliamentarian","Jan 13, 2024 Â· 2:44 PM UTC",7954,119
63,cenkuygur,https://twitter.com/cenkuygur/status/1746291688656834761#m,Biden Primary Challengers Criticize Attempts To Keep Trump off the Ballot: â€˜We Should Support Democracyâ€™ https://www.mediaite.com/tv/bidens-democratic-primary-challengers-criticize-attempts-to-keep-trump-off-the-ballot-we-should-support-democracy/,"Jan 13, 2024 Â· 10:02 PM UTC",285,115
64,cenkuygur,https://twitter.com/cenkuygur/status/1745879271145402830#m,"You have to check out the debate on @NewsNation tonight at 9pm ET. First Democratic presidential primary debate, moderated by @danabrams. Some fiery moments! Great discussion between myself, @marwilliamson and @RepDeanPhillips. You actually have a choice in this primary!","Jan 12, 2024 Â· 6:43 PM UTC",392,135
65,cenkuygur,https://twitter.com/cenkuygur/status/1745523888245690692#m,"The person fighting my civil rights the most in the country is @harrisonjaime, which is really disappointing. I would fight for his civil rights, but not only will he not fight for mine, he is the main person fighting AGAINST my rights & rights of 25 million naturalized citizens.","Jan 11, 2024 Â· 7:11 PM UTC",269,189
66,cenkuygur,https://twitter.com/cenkuygur/status/1745193239278231945#m,"They also encouraged me, and others they didnâ€™t approve of in their smoke-filled rooms, to run as third party candidates in general election. Worldâ€™s worst political strategy. Maybe a primary can help you find a strong candidate you wouldnâ€™t have to ban everyone else to protect.","Jan 10, 2024 Â· 9:17 PM UTC",90,17
67,cenkuygur,https://twitter.com/cenkuygur/status/1745193236962877644#m,All of this is verifiable. Youâ€™ll be able to see it when the transcript is released. They said they had a right to discriminate against me and that they wanted to exercise that right! Even before finding out how the court is going to rule on the constitutional issue!,"Jan 10, 2024 Â· 9:17 PM UTC",79,13
68,cenkuygur,https://twitter.com/cenkuygur/status/1745193220231885257#m,South Carolina Democratic Party said in ballot hearing today that they make decisions in â€œsmoke-filled roomsâ€ and that they didnâ€™t want to put me on the ballot because they wanted to avoid the controversy about me fighting for my rights. They preferred to preemptively ban me.,"Jan 10, 2024 Â· 9:17 PM UTC",318,121
69,cenkuygur,https://twitter.com/cenkuygur/status/1745188331313324071#m,This is how you pursue a civil rights case! Our petition to be on the ballot in South Carolina was denied. But the judge said repeatedly that our case was very compelling. Weâ€™re appealing to the circuit court. Weâ€™re going to keep fighting for equality for naturalized citizens.,"Jan 10, 2024 Â· 8:58 PM UTC",258,52
70,cenkuygur,https://twitter.com/cenkuygur/status/1745178205672112553#m,"Great conversation. Worth checking out. We talked about Israelâ€™s culpability, how to settle the war, whoâ€™s hurt politically the most by Epstein and how I can accomplish my goals in the presidential race.","Jan 10, 2024 Â· 8:18 PM UTC",161,72
71,cenkuygur,https://twitter.com/cenkuygur/status/1745059518591938917#m,Cenk Uygur Fights the Natural-Born Citizen Restriction https://prospect.org/politics/2024-01-10-cenk-uygur-natural-born-citizen-restriction/,"Jan 10, 2024 Â· 12:26 PM UTC",489,162
72,cenkuygur,https://twitter.com/cenkuygur/status/1745058018553721277#m,â€˜Near 100 per centâ€™: Cenk Uygur predicting Trump to beat Biden in US election | Sky News Australia https://www.skynews.com.au/opinion/piers-morgan/near-100-per-cent-cenk-uygur-predicting-trump-to-beat-biden-in-us-election/video/276f5d7d1611cc876a584f2b97e82c48,"Jan 10, 2024 Â· 12:20 PM UTC",621,217
73,cenkuygur,https://twitter.com/cenkuygur/status/1744847163148943558#m,Youâ€™ve really got to watch the rest of this interview when it comes out because there is a real way to end this war in Gaza where everyone wins (after weâ€™ve already suffered the most atrocious losses on both sides) and gets to peace for Israel and the Palestinians.,"Jan 9, 2024 Â· 10:22 PM UTC",570,105
74,cenkuygur,https://twitter.com/PiersUncensored/status/1744839247432143267#m,"Cenk Uygur tells Piers Morgan he's running for President to push Joe Biden out of the race.  ""He would have to pull off literally the greatest political comeback in American history... there's no way he can do it.""  @piersmorgan | @cenkuygur | #PMU","Jan 9, 2024 Â· 9:51 PM UTC",195,110
75,cenkuygur,https://twitter.com/cenkuygur/status/1744756194986889279#m,The minute you have a Democratic candidate that talks openly and honestly talks about corruption is the minute Democrats sweep elections. But that candidate has to get past current Democratic leadership and mainstream media first.,"Jan 9, 2024 Â· 4:21 PM UTC",108,26
76,cenkuygur,https://twitter.com/cenkuygur/status/1744755773014671804#m,"Republicans are the party of the rich. Democrats canâ€™t beat them without talking about corruption. Campaign contributions are what drives corruption and servitude. Democrats take just as many campaign contributions, so they never talk about corruption. And thatâ€™s why they lose.","Jan 9, 2024 Â· 4:19 PM UTC",435,171
77,cenkuygur,https://twitter.com/cenkuygur/status/1744752613512606023#m,The fact that they canâ€™t see this obvious and overwhelming hypocrisy says more about humanity than it does about Republicans. Way too many of us get into our bubbles and then shut off our minds to any alternatives or facts.,"Jan 9, 2024 Â· 4:06 PM UTC",75,9
78,cenkuygur,https://twitter.com/cenkuygur/status/1744752092840161616#m,"Take almost anything Trump says and tell Republicans Biden said it and theyâ€™d scream from the rooftops that heâ€™s lost it, heâ€™s senile, heâ€™s a traitor, etc. Imagine if Biden said Lincoln blew it and heâ€™d have done better. Or Biden hoped US economy crashed in 2020 so he could win.","Jan 9, 2024 Â· 4:04 PM UTC",289,71
79,cenkuygur,https://twitter.com/NewsNation/status/1744526550635000112#m,"NewsNation will host a Democratic Presidential Forum with @RepDeanPhillips, @marwilliamson and @cenkuygur on Friday, January 12, at 9p/8C. Submit your questions here: https://trib.al/IvTkxG3","Jan 9, 2024 Â· 1:08 AM UTC",170,30
80,NikkiHaley,https://twitter.com/NikkiHaley/status/1736764762053104089#m,I'll just say it: Joe Biden is old. It's time for a new generational conservative leader.   It's time to leave the chaos and drama of the past behind.,"Dec 18, 2023 Â· 3:06 PM UTC",5806,8388
81,NikkiHaley,https://twitter.com/NikkiHaley/status/1746674161202651241#m,Itâ€™s clear that Ames is ready to help us build a STRONG and PROUD America! Thank you all for coming out today. A special shoutout to Sen. @JoniErnst for pumping up the crowd! ğŸ¦…ğŸ‡ºğŸ‡¸,"Jan 14, 2024 Â· 11:22 PM UTC",218,79
82,NikkiHaley,https://twitter.com/Nalin_Haley/status/1746614244223713446#m,Weather app says it feels like -42 but weâ€™re still out here door knocking for @NikkiHaley @TeamHaley ğŸ‡ºğŸ‡¸,"Jan 14, 2024 Â· 7:24 PM UTC",1020,113
83,NikkiHaley,https://twitter.com/abcnewsnick/status/1746643281675505668#m,"NOW: Nikki Haley is addressing a packed house in Ames, IA after weather forced her to cancel an earlier event in Dubuque today:   â€œThis is truly cold. But we're gonna keep on going anywhere and everywhere. We're gonna go all the way until the last hourâ€¦â€ she told the crowd.","Jan 14, 2024 Â· 9:19 PM UTC",223,47
84,NikkiHaley,https://twitter.com/ebonyjdavis/status/1746640951534071882#m,1 day until the Iowa caucuses!  Nikki Haley makes a campaign stop at Jethroâ€™s BBQ in Ames to speak to voters @NikkiHaley,"Jan 14, 2024 Â· 9:10 PM UTC",126,37
85,NikkiHaley,https://twitter.com/steinhauserNH1/status/1746640670981243152#m,"2024 Watch: â¦@FoxNewsâ© covers #GOP presidential candidate @NikkiHaley as the former UN ambassador and former South Carolina governor speaks to supporters at Jethroâ€™s BBQ in Ames, on the eve of the Iowa caucuses #2024election #iacaucus #FoxNews","Jan 14, 2024 Â· 9:09 PM UTC",90,14
86,NikkiHaley,https://twitter.com/jacksonrichman/status/1746639961602896082#m,Standing ovation for @NikkiHaley in Ames one day ahead of the Iowa Caucus,"Jan 14, 2024 Â· 9:06 PM UTC",163,56
87,NikkiHaley,https://twitter.com/sarahmccammon/status/1746639016999428447#m,"@SenJoniErnst opens @NikkiHaley rally in Ames, referring to Haley as a â€œdear friendâ€ who has shown â€œintestinal fortitudeâ€ through her foreign policy experience. (Ernst says women can have it, too.)","Jan 14, 2024 Â· 9:02 PM UTC",116,16
88,NikkiHaley,https://twitter.com/jacksonrichman/status/1746636225207775729#m,"Packed house in Ames, Iowa for @NikkiHaley, one day before the Iowa Caucus","Jan 14, 2024 Â· 8:51 PM UTC",133,58
89,NikkiHaley,https://twitter.com/PatJGarrett/status/1746638591361437843#m,Itâ€™s a PACKED house in Ames because @NikkiHaley is surging!!! Btw @joniernst doing a great job warming up the crowd.,"Jan 14, 2024 Â· 9:01 PM UTC",228,61
90,NikkiHaley,https://twitter.com/NikkiHaley/status/1746628630619283456#m,Michael and his military brothers and sisters are willing to sacrifice their lives and their families for our freedom. We have to be willing to fight for America here at home. Weâ€™ve got a country to save! ğŸ‡ºğŸ‡¸,"Jan 14, 2024 Â· 8:21 PM UTC",563,229
91,NikkiHaley,https://twitter.com/NikkiHaley/status/1746622752100937841#m,Heartbreaking news out of Perry this morning. Principal Marburger was a hero who dedicated himself to setting his students up for success and ultimately gave his life to protect them. Rest in peace.  https://www.kcci.com/article/perry-school-shooting-principal-dan-marburger-dies-iowa/46381110,"Jan 14, 2024 Â· 7:58 PM UTC",387,45
92,NikkiHaley,https://twitter.com/NikkiHaley/status/1746572083809706241#m,"For 11 months, weâ€™ve built connections with Iowans & heard what keeps them up at night. Itâ€™s time for a new generational conservative leader who will be honest with Americans & deliver results.  Tomorrow, Iowans head to the caucuses. Letâ€™s go!  My interview with @ShannonBream:","Jan 14, 2024 Â· 4:36 PM UTC",970,350
93,NikkiHaley,https://twitter.com/NikkiHaley/status/1746566343413887201#m,"Republicans need to start winning again. I will stomp all over Joe Biden in the general election. That's a mandate for securing our border, stopping the spending, and saving our country! https://www.cbsnews.com/news/nikki-haley-fares-best-against-biden-2024-presidential-election-poll/","Jan 14, 2024 Â· 4:14 PM UTC",2160,1160
94,NikkiHaley,https://twitter.com/AustinHarrisIA/status/1746553867393753162#m,"It was a pleasure joining @NEWSMAXâ€™s @Glasgow_Jon this morning to discuss the momentum @NikkiHaley is feeling on the ground in Iowa!  1 more day, Iowa!","Jan 14, 2024 Â· 3:24 PM UTC",134,49
95,NikkiHaley,https://twitter.com/NikkiHaley/status/1746562055270801834#m,Weâ€™re going to run through the tape and keep working to earn every vote until the last possible second!,"Jan 14, 2024 Â· 3:56 PM UTC",1153,266
96,NikkiHaley,https://twitter.com/NikkiHaley/status/1746534782874386564#m,"This is what I mean when I say Iowans are built differently! Iowa, youâ€™ve got a job to do tomorrow. Bring your ID, wear layers, and letâ€™s do this!","Jan 14, 2024 Â· 2:08 PM UTC",794,244
97,NikkiHaley,https://twitter.com/ChrisSununu/status/1746360737939833056#m,"Canâ€™t stop wonâ€™t stop. Spent the rainy morning knocking doors for @NikkiHaley in Windham today! Letâ€™s make history, New Hampshire!","Jan 14, 2024 Â· 2:37 AM UTC",622,331
98,NikkiHaley,https://twitter.com/NikkiHaley/status/1746371613702991963#m,ğŸ“Cedar Falls ğŸ“Iowa City ğŸ“Davenport  Ending on a high note in Davenport tonight! The momentum is real and weâ€™re ready for MONDAY NIGHT. #IowaCaucus #BRINGIT,"Jan 14, 2024 Â· 3:20 AM UTC",689,190
99,NikkiHaley,https://twitter.com/NikkiHaley/status/1746364899066888343#m,"The #1 thing Iâ€™ve heard from voters is that theyâ€™re worried about their kids and their grandkids, and theyâ€™re ready for a new generation of conservative leadership. No one wants a rematch between the names of the past.","Jan 14, 2024 Â· 2:53 AM UTC",2236,1004
100,VivekGRamaswamy,https://twitter.com/VivekGRamaswamy/status/1746360780436427244#m,"Yes, I saw President Trumpâ€™s Truth Social post. Itâ€™s an unfortunate move by his campaign advisors, I donâ€™t think friendly fire is helpful. Donald Trump was the greatest President of the 21st century, and Iâ€™m not going to criticize him in response to this late attack.  Iâ€™ve met tens of thousands of Iowans across 390+ events here, and they are deeply worried - and so am I - that this â€œsystemâ€ wonâ€™t allow Donald J. Trump anywhere near the White House again. It seems they will stop at *nothing* to keep him away from power.  Iâ€™m worried for Trump. Iâ€™m worried for our country. Iâ€™ve stood up against the persecutions against Trump, and Iâ€™ve defended him at every step. I showed up at the Miami courthouse in solidarity following his first federal indictment. I filed a FOIA demand to the Biden DOJ. I submitted an amicus brief this week with the U.S. Supreme Court calling on them to overturn Coloradoâ€™s ruling. I pledged to remove myself from Maineâ€™s & Coloradoâ€™s primary ballots if they remove Trump, calling on DeSantis and Haley to do the same.  But we have to open our eyes. Last time it was a man-made pandemic & Big Tech election interference. Now, the same billionaires funding the lawsuits against Trump are the ones trying to prop up Nikki Haley. The same MSM blasting Trump is lavishing praise on Nikki. They want to narrow this to a two-horse race between Trump & Haley, eliminate Trump (one way or other), & trot their puppet into the White House.  We canâ€™t fall for that trap. 1 year from now, we wonâ€™t look back and say we were shocked that it happened. Weâ€™ll kick ourselves for not stopping it.  Our movement must live on. America-First didnâ€™t start in 2016. It started in 1776. We owe it to our Founding Fathers to do the right thing for our country. I want to save Trump & to save this country. Letâ€™s do it together. You wonâ€™t hear any friendly fire from me.","Jan 14, 2024 Â· 2:37 AM UTC",109758,15797
101,VivekGRamaswamy,https://twitter.com/stillgray/status/1746316058561249636#m,Vivek Ramaswamy is the ONLY presidential candidate to speak up on Gonzalo Lira. Say his name.,"Jan 13, 2024 Â· 11:39 PM UTC",2841,114
102,VivekGRamaswamy,https://twitter.com/elonmusk/status/1746411802190115173#m,My guess is that Vivek will far exceed the polls when the votes are counted,"Jan 14, 2024 Â· 5:59 AM UTC",4085,265
103,VivekGRamaswamy,https://twitter.com/VivekGRamaswamy/status/1746681035381670059#m,- Russia collusion - The Hunter Biden laptop story - Charlottesville - Bubba Wallace - Jussie Smollett - Covington Catholic Kids - Gretchen Whitmer kidnapping plot - COVID Lab leak was a â€œconspiracy theoryâ€ - Steele dossier - Donâ€™t Say Gay was in the bill - Migrant â€œkids In cagesâ€ - GA election integrity was the new â€œJim Crowâ€ - Duke lacrosse kids - Zelensky is a paragon of democracy - Jan 6 - â€œPeacefulâ€ BLM riots - Ivermectin is a horse dewormer - Trump used teargas to clear a crowd for a bible photo  The MSM spits in the face of *the people* every single day with ad nauseam and flagrant lies. And you think the 2024 election is any different? Open your eyes & see the trap theyâ€™re walking us into right now.,"Jan 14, 2024 Â· 11:49 PM UTC",3759,348
104,VivekGRamaswamy,https://twitter.com/TheChiefNerd/status/1746598083406729588#m,Face the Nation was a Nikki Haley love fest this morning - nearly half their posts were about her. Vivek might be onto somethingâ€¦  @VivekGRamaswamy @RandPaul,"Jan 14, 2024 Â· 6:20 PM UTC",1028,108
105,VivekGRamaswamy,https://twitter.com/bennyjohnson/status/1746662574484009088#m,"ğŸš¨BACK IN IOWA  Catch me on the campaign trail with @VivekGRamaswamy:  TONIGHT:  ğŸ“5:30 p.m. Scott County, Machine Shed 7250 Northwest Blvd., Davenport, IA 52806  ğŸ“8:00 p.m. Dubuque County ""Commit to Caucus"" Rally, 7 Hills Event Center, 1098 Jackson St., Dubuque, IA 52001  TOMORROW:  ğŸ“8:00 a.m. Polk County, IA Town Hall Machine Shed, 11151 Hickman Road, Urbandale, IA 50322  ğŸ“10:30 a.m.  Black Hawk County, IA â€œCommit to Caucusâ€ Rally Elkâ€™s Club, 407 E. Park Avenue, Waterloo, IA 50703  ğŸ“1:00 p.m.  Linn County, IA â€œCommit to Caucusâ€ Rally, Lions Bridge Brewing Company, 59 16th Avenue SW, Cedar Rapids, IA 52404  ğŸ“7:00 p.m.  Vivek 2024 â€œRaucus Caucusâ€ Night Party, The Surety Hotel, 206 6th Avenue, Des Moines, IA 50309","Jan 14, 2024 Â· 10:36 PM UTC",1183,740
106,VivekGRamaswamy,https://twitter.com/TRHLofficial/status/1746609305053229490#m,Check out IRL tomorrow night starting at 9pm for Vivek and I!,"Jan 14, 2024 Â· 7:04 PM UTC",3589,188
107,VivekGRamaswamy,https://twitter.com/VivekGRamaswamy/status/1746661631327699047#m,TONIGHT at 5 PM CT/6 PM ET Instagram Live with @jakepaul ğŸ¥ŠğŸ‡ºğŸ‡¸#VivekRaucousCaucus,"Jan 14, 2024 Â· 10:32 PM UTC",3035,372
108,VivekGRamaswamy,https://twitter.com/BuenoForMiami/status/1746656346726879464#m,"After much thought and consideration, I think Iâ€™m finally decided what Iâ€™m going to do for the 2024 election.   As an independent, my vote always goes to who I think represents me best, not a party, and not the â€œlessor of two evils.â€   4 years ago I volunteered for the Jo Jorgensen campaign because she best represented my views, but after the disastrous last few years, itâ€™s becoming more and more apparent that the Libertarian path is too far from making a real impact. I know and respect each of the main candidates running, and I wish the elections were fair and that America was ready to give them a shot.   Unfortunately, thatâ€™s not the case, and thereâ€™s a candidate in another party that has risen to the occasion for me.   I met this candidate a few months ago, and not only did I think he was sincere then, but he also made a promise to my friend to free her son on day 1. He then proceeded to make that same promise publicly when I asked him in a Q&A. I believed him then. I still believe him now.  (Free Ross!)  This week I saw him work around the clock, brave insane weather conditions, and answer everyoneâ€™s questions, even those who went to the event to call him out. He treats people with respect, is willing to go on all podcasts regardless of ideology, and heâ€™s willing to have real, meaningful conversations, plus heâ€™s young enough (plus has two very young kids) that I know that heâ€™s just as concerned about the future as I am. (Heâ€™s got skin in the game!)   I will be registering to vote as a Republican, and my vote has been secured by @VivekGRamaswamy.   Iâ€™m no longer on the fence, Iâ€™m going all in.   #Vivek2024","Jan 14, 2024 Â· 10:11 PM UTC",3141,218
109,VivekGRamaswamy,https://twitter.com/TeamVivek2024/status/1746643575780024538#m,"1. Single Day Voting 2. Make Election Day a National Holiday 3. Paper Ballots 4. Government-issued voter ID matched to the identification on file. 5. English as the only language used on ballots & in voting booths. ğŸ“Coralville, IA https://nitter.d420.de/i/broadcasts/1vAGRvmdDQqGl","Jan 14, 2024 Â· 9:20 PM UTC",1597,103
110,VivekGRamaswamy,https://twitter.com/yoalexrapz/status/1746636964038668471#m,I think Iâ€™m finally ready to say Vivek has earned my vote in the primary. Anyone else?,"Jan 14, 2024 Â· 8:54 PM UTC",4896,1098
111,VivekGRamaswamy,https://twitter.com/VivekGRamaswamy/status/1746637275671257186#m,Rigged.,"Jan 14, 2024 Â· 8:55 PM UTC",2841,323
112,VivekGRamaswamy,https://twitter.com/KeenanPeachy/status/1746617270355493324#m,"Full disclosure: I was invited to Iowa by Team Vivek, but  couldn't get away. He's got some major RW firepower on the ground there!  I voted for DJT 2x and love him like an uncle, but there is 1 guy who has *earned* a vote tomorrow.   Good luck, @VivekGRamaswamy!  cc @TriciaOhio","Jan 14, 2024 Â· 7:36 PM UTC",1314,106
113,VivekGRamaswamy,https://twitter.com/VivekGRamaswamy/status/1746617969776410684#m,Donâ€™t tread on me ğŸğŸ‡ºğŸ‡¸ https://nitter.d420.de/i/broadcasts/1ZkKzjoqePaKv,"Jan 14, 2024 Â· 7:39 PM UTC",2634,481
114,VivekGRamaswamy,https://twitter.com/VivekGRamaswamy/status/1746616114472161746#m,Talking about what sometimes feels like the elephant in the room at times: my Hindu faith. I speak about it openly & honestly.,"Jan 14, 2024 Â· 7:31 PM UTC",4469,441
115,VivekGRamaswamy,https://twitter.com/VivekGRamaswamy/status/1746616099511120214#m,Whatâ€™s even more interesting is the result.,"Jan 14, 2024 Â· 7:31 PM UTC",7232,520
116,VivekGRamaswamy,https://twitter.com/VivekGRamaswamy/status/1746614580409765958#m,"But, the polls!! ğŸ¤”","Jan 14, 2024 Â· 7:25 PM UTC",7196,367
117,VivekGRamaswamy,https://twitter.com/Cernovich/status/1746585849225969817#m,"DeSantis completely missed the moment on the indictments against Trump, and he even occasionally gave the cases legitimacy.   That showed me he has no idea what is going on.   I was disappointed.","Jan 14, 2024 Â· 5:31 PM UTC",3518,41
118,VivekGRamaswamy,https://twitter.com/CitizenFreePres/status/1746600759117181101#m,"Big crowd to see Vivek in Ames, Iowa today.","Jan 14, 2024 Â· 6:30 PM UTC",1271,80
119,VivekGRamaswamy,https://twitter.com/Lukewearechange/status/1746327968308154772#m,Hanging out with some random guy in a blizzard ğŸŒ¨ï¸,"Jan 14, 2024 Â· 12:26 AM UTC",13230,472
120,RobertKennedyJr,https://twitter.com/RobertKennedyJr/status/1746663378137796794#m,"As president, I will launch rehabilitation centers around the country where people struggling with addiction and drug violations can experience true community, stay out of jail + heal on many levels. Thank you to @JoePolish @GeniusNetwork for a great conversation. #Kennedy24","Jan 14, 2024 Â· 10:39 PM UTC",1155,121
121,RobertKennedyJr,https://twitter.com/RobertKennedyJr/status/1746594226488410579#m,Letâ€™s put our differences aside and unite to protect the natural world. Itâ€™s not only an invaluable economic resource â€” itâ€™s a portal to the divine and our potential as human beings. #Kennedy24,"Jan 14, 2024 Â· 6:04 PM UTC",3822,268
122,RobertKennedyJr,https://twitter.com/RobertKennedyJr/status/1746517757300994476#m,"Campaign Manager @AmaryllisFox speaks to the struggles facing American women today. Now more than ever, we need a president who prioritizes women. #Kennedy24","Jan 14, 2024 Â· 1:00 PM UTC",1552,469
123,RobertKennedyJr,https://twitter.com/RobertKennedyJr/status/1746314360819998850#m,Join me tomorrow in Atlanta. Help me get on the ballot in Georgia! RSVP here â¡ï¸ https://www.kennedy24.com/atlanta-voter-rally,"Jan 13, 2024 Â· 11:32 PM UTC",1700,134
124,RobertKennedyJr,https://twitter.com/RobertKennedyJr/status/1746295704467722668#m,Americans' Overall Impression of 2024 Presidential Candidates  https://news.gallup.com/poll/548138/american-presidential-candidates-2024-election-favorable-ratings.aspx,"Jan 13, 2024 Â· 10:18 PM UTC",505,60
125,RobertKennedyJr,https://twitter.com/RobertKennedyJr/status/1746276875930865745#m,"Send this to anyone who asks, â€œBut can he win?â€","Jan 13, 2024 Â· 9:03 PM UTC",18690,1226
126,RobertKennedyJr,https://twitter.com/RobertKennedyJr/status/1746217815043092735#m,.@EricBolling @NEWSMAX asks me what I think of President Bidenâ€™s recent statement that Congress needs to allocate more money to fix the border crisis. #Kennedy24,"Jan 13, 2024 Â· 5:09 PM UTC",2755,192
127,RobertKennedyJr,https://twitter.com/RobertKennedyJr/status/1746174216905347550#m,.@BretWeinstein + @TuckerCarlson discuss how the assault on our freedoms has created a â€œdream teamâ€ of courageous rebels willing to speak out against oppression. #Kennedy24,"Jan 13, 2024 Â· 2:15 PM UTC",10557,396
128,RobertKennedyJr,https://twitter.com/RobertKennedyJr/status/1745944390609027143#m,This sounds familiar.,"Jan 12, 2024 Â· 11:02 PM UTC",4878,288
129,RobertKennedyJr,https://twitter.com/RobertKennedyJr/status/1745924752877719615#m,"Political categories are dissolving. Left/right, liberal/conservativeâ€¦ who knows what they mean anymore? Great article by Peter Savodnik offers some fellowship to the politically homeless.  https://www.thefp.com/p/the-great-scramble","Jan 12, 2024 Â· 9:44 PM UTC",1483,134
130,RobertKennedyJr,https://twitter.com/RobertKennedyJr/status/1745875543826780316#m,"David Stockman has become one of the nationâ€™s most steadfast and eloquent crusaders against the corrupt merger of state and corporate power. Read his new book, â€œTrump's War on Capitalism.â€  https://www.amazon.com/Trumps-War-Capitalism-David-Stockman/dp/1510779329","Jan 12, 2024 Â· 6:29 PM UTC",1010,233
131,RobertKennedyJr,https://twitter.com/RobertKennedyJr/status/1745845834342605130#m,"I represent victims of the toxic Norfolk Southern train wreck and am fighting on their behalf against the corrupt powers whose lack of oversight contributed to massive destruction. I believe the train derailment in East Palestine, Ohio was the result of corporate capture.","Jan 12, 2024 Â· 4:30 PM UTC",5409,188
132,RobertKennedyJr,https://twitter.com/RobertKennedyJr/status/1745819452598317126#m,"Join me in Atlanta this weekend. First on Saturday for a roundtable I'm hosting with Black women to discuss pressing issues impacting the Black community. Then on Sunday for a rally with supporters.  And, be sure to follow this new X account: @blacks4kennedy #Kennedy24","Jan 12, 2024 Â· 2:46 PM UTC",993,129
133,RobertKennedyJr,https://twitter.com/RobertKennedyJr/status/1745646997645017247#m,Spent the day in Florida talking about healing America with my old friend @TonyRobbins.,"Jan 12, 2024 Â· 3:20 AM UTC",10170,385
134,RobertKennedyJr,https://twitter.com/RobertKennedyJr/status/1745633447089959265#m,Two ways I'll fix the National Debt.,"Jan 12, 2024 Â· 2:27 AM UTC",2493,219
135,RobertKennedyJr,https://twitter.com/RobertKennedyJr/status/1745612900226539832#m,Join me tomorrow in Raleigh. Help me get on the ballot in North Carolina! RSVP here â¡ï¸ https://www.kennedy24.com/raleigh-voter-rally,"Jan 12, 2024 Â· 1:05 AM UTC",1429,120
136,RobertKennedyJr,https://twitter.com/RobertKennedyJr/status/1745586784786849924#m,"Every brand of automobile fails Mozillaâ€™s privacy test. By buying a new car, you â€œconsentâ€ to having data on your location, driving habits, medical information, conversations, even your sex life collected, shared, or sold.   https://foundation.mozilla.org/en/privacynotincluded/articles/its-official-cars-are-the-worst-product-category-we-have-ever-reviewed-for-privacy/","Jan 11, 2024 Â· 11:21 PM UTC",3375,237
137,RobertKennedyJr,https://twitter.com/RobertKennedyJr/status/1745522065581486148#m,"As president, I will launch rehabilitation centers around the country where people struggling with addiction and drug violations can experience true community, stay out of jail + heal on many levels. Thank you to @JoePolish @GeniusNetwork for a great conversation. #Kennedy24","Jan 11, 2024 Â· 7:04 PM UTC",3003,266
138,RobertKennedyJr,https://twitter.com/RobertKennedyJr/status/1745495530220753225#m,"If we cannot handle immigrants with compassion and humanity, then we should not let them in. I am in favor of immigration â€” lawful, orderly immigration at a level we can accommodate humanely. #Kennedy24","Jan 11, 2024 Â· 5:18 PM UTC",2334,112
139,RobertKennedyJr,https://twitter.com/RobertKennedyJr/status/1745495448930914387#m,Or we can house them in national parks. Soccer fields. Private homes. Or maybe we just shouldnâ€™t let them into the country in the first place.,"Jan 11, 2024 Â· 5:18 PM UTC",2004,94
140,DrJillStein,https://twitter.com/DrJillStein/status/1722641795568259561#m,The political system is broken. Over 60% of us now say the two-party establishment has failed us and we need a party that serves the people.  Iâ€™m running for President to offer a better choice for the people. Join us! https://www.jillstein2024.com/,"Nov 9, 2023 Â· 3:46 PM UTC",7894,8975
141,DrJillStein,https://twitter.com/DrJillStein/status/1746253625410625958#m,"A landslide majority of US voters want a ceasefire and an end to the genocidal war on Gaza, but the politicians aren't listening. It's time to make them listen.  Sign and share the Pledge to Stop Genocide: abandon pro-genocide candidates! https://www.jillstein2024.com/pledgetostopgenocide","Jan 13, 2024 Â· 7:31 PM UTC",191,38
142,DrJillStein,https://twitter.com/DrJillStein/status/1746226571764007283#m,Iâ€™m at the March on Washington for Gaza because we have to do everything we can to stop this US-backed genocide.  Help make our voices for humanity heard by watching and sharing the #March4Gaza speakers livestream here! https://www.youtube.com/watch?v=MCNrimImrH0,"Jan 13, 2024 Â· 5:43 PM UTC",3435,188
143,DrJillStein,https://twitter.com/DrJillStein/status/1745534959329202519#m,The US is supporting genocide in Gaza and we must do everything humanly possible to stop it.  That's why I'll be at Saturday's historic March on Washington for Gaza.  Together we're an unstoppable force for humanity. Join us! #CeasefireNOW #EndGenocide https://www.jillstein2024.com/march4gaza,"Jan 11, 2024 Â· 7:55 PM UTC",2532,146
144,DrJillStein,https://twitter.com/DrJillStein/status/1745876518390075718#m,"A landslide majority of US voters want a ceasefire and an end to the genocidal war on Gaza, but the politicians aren't listening. It's time to make them listen.  Sign and share the Pledge to Stop Genocide: abandon pro-genocide candidates! https://www.jillstein2024.com/pledgetostopgenocide","Jan 12, 2024 Â· 6:32 PM UTC",222,27
145,DrJillStein,https://twitter.com/DrJillStein/status/1745875935331520603#m,Let's be clear: Joe Biden does not have the authority to take us into war with Yemen without Congressional approval. A president should never take this nation to war without the informed consent of the American people.,"Jan 12, 2024 Â· 6:30 PM UTC",4894,212
146,DrJillStein,https://twitter.com/DrJillStein/status/1745863514483556571#m,Thank you to @KimIversenShow for always being a wonderful interviewer and for asking this pivotal question!,"Jan 12, 2024 Â· 5:41 PM UTC",76,4
147,DrJillStein,https://twitter.com/DrJillStein/status/1745863513212682683#m,Is it anti-semitic to criticize Israel?,"Jan 12, 2024 Â· 5:41 PM UTC",1123,116
148,DrJillStein,https://twitter.com/DrJillStein/status/1745666762320777480#m,"A landslide majority of US voters want a ceasefire and an end to the genocidal war on Gaza, but the politicians aren't listening. It's time to make them listen.  Sign and share the Pledge to Stop Genocide: abandon pro-genocide candidates! https://www.jillstein2024.com/pledgetostopgenocide","Jan 12, 2024 Â· 4:39 AM UTC",696,159
149,DrJillStein,https://twitter.com/DrJillStein/status/1745665805465899326#m,Biden's bombing Yemen so Israel can keep bombing Gaza.  Enabling genocide is taking us to the brink of WWIII.  Vote the warmongers out before they get us all killed.,"Jan 12, 2024 Â· 4:35 AM UTC",45124,2497
150,DrJillStein,https://twitter.com/DrJillStein/status/1745576570108969343#m,"I'll be at Saturday's historic March on Washington for Gaza. Will you be there, too?","Jan 11, 2024 Â· 10:41 PM UTC",1138,260
151,DrJillStein,https://twitter.com/DrJillStein/status/1745552274515022046#m,"A landslide majority of US voters want a ceasefire and an end to the genocidal war on Gaza, but the politicians aren't listening. It's time to make them listen.  Sign and share the Pledge to Stop Genocide: abandon pro-genocide candidates! https://www.jillstein2024.com/pledgetostopgenocide","Jan 11, 2024 Â· 9:04 PM UTC",138,11
152,DrJillStein,https://twitter.com/DrJillStein/status/1745551097446506651#m,"The International Court of Justice hearing on genocide in Gaza is a simple test for the world.  When faced with genocide on full display, will you act to stop it, or choose to be complicit?","Jan 11, 2024 Â· 8:59 PM UTC",2467,99
153,DrJillStein,https://twitter.com/DrJillStein/status/1745537438011846711#m,"A landslide majority of US voters want a ceasefire and an end to the genocidal war on Gaza, but the politicians aren't listening. It's time to make them listen.   Sign and share the Pledge to Stop Genocide: abandon pro-genocide candidates! https://www.jillstein2024.com/pledgetostopgenocide","Jan 11, 2024 Â· 8:05 PM UTC",113,9
154,DrJillStein,https://twitter.com/DrJillStein/status/1745194299006881919#m,I'll be LIVE on Instagram tonight at 8pm ET / 5pmPT to talk about our campaign and take your questions. Hope to see you there! https://www.instagram.com/drjillstein/,"Jan 10, 2024 Â· 9:21 PM UTC",47,8
155,DrJillStein,https://twitter.com/DrJillStein/status/1745139095616033232#m,"A landslide majority of US voters want a ceasefire and an end to the genocidal war on Gaza, but the politicians aren't listening.  It's time to make them listen.  Sign and share the Pledge to Stop Genocide: abandon pro-genocide candidates! https://www.jillstein2024.com/pledgetostopgenocide","Jan 10, 2024 Â· 5:42 PM UTC",3887,244
156,DrJillStein,https://twitter.com/DrJillStein/status/1744781770967683126#m,Thank you @KimIversenShow for having me on your show!,"Jan 9, 2024 Â· 6:02 PM UTC",46,7
157,DrJillStein,https://twitter.com/DrJillStein/status/1744781769717785025#m,"Israel is the U.S.' ""unsinkable battleship.""","Jan 9, 2024 Â· 6:02 PM UTC",887,72
158,DrJillStein,https://twitter.com/DrJillStein/status/1744514136393019518#m,The Inflation Reduction Act is a #fossilfuels-first bill.,"Jan 9, 2024 Â· 12:19 AM UTC",335,32
159,DrJillStein,https://twitter.com/DrJillStein/status/1744449245795729660#m,I'll be LIVE on instagram this Wednesday at 8pmET/5pmPT. Join me! - @drjillstein,"Jan 8, 2024 Â· 8:01 PM UTC",336,25
160,CornelWest,https://twitter.com/CornelWest/status/1709944683500355884#m,People are hungry for change. They want good policies over partisan politics. We need to break the grip of the duopoly and give power to the people. I'm running as an Independent candidate for President of the United States to end the iron grip of the ruling class and ensure true democracy! Join usğŸ‘‰ğŸ¿Volunteer. Donate. Sign up. CornelWest2024.com #CornelWest2024,"Oct 5, 2023 Â· 2:52 PM UTC",11987,2427
161,CornelWest,https://twitter.com/CornelWest/status/1746608318733226373#m,I was deeply blessed to be with my dear brother the legendary @revjessejackso Jesse Jackson Sr. for his Emergency Summit for Gaza. Bro. Dwight Mckee - my grand teacher. Sis. Mehrsa and I had a great time together on the panel.  #Summit4Gaza #SavingLives #KeepHopeAlive #truthjusticelove #CornelWest2024,"Jan 14, 2024 Â· 7:00 PM UTC",1004,64
162,CornelWest,https://twitter.com/CornelWest/status/1746237257382506981#m,We are LIVE: https://inv.tux.pizza/live/tMzcubhHm2Y?si=qSMVB9uHTFCs_Hxn,"Jan 13, 2024 Â· 6:26 PM UTC",103,12
163,CornelWest,https://twitter.com/CornelWest/status/1746237191192285286#m,We are LIVE: https://inv.tux.pizza/live/tMzcubhHm2Y?si=qSMVB9uHTFCs_Hxn,"Jan 13, 2024 Â· 6:26 PM UTC",45,14
164,CornelWest,https://twitter.com/CornelWest/status/1746219479002939560#m,"Today marks a significant moment in our ongoing pursuit of truth and justice. At 1pm EST, our MARCH ON WASHINGTON D.C. FOR GAZA begins.  Tune into the livestream on YouTube: https://inv.tux.pizza/live/tMzcubhHm2Y?feature=share #truthjusticelove #March4Gaza #marchforgaza #CornelWest2024 #livestream #washingtondc","Jan 13, 2024 Â· 5:15 PM UTC",1412,121
165,CornelWest,https://twitter.com/CornelWest/status/1746211687085011068#m,"Portland, let's get fired up for @portugaltheman, Mic Crenshaw and other talented folks for a special evening in concert. This fundraiser will be a rallying cry for truth, justice and love, taking place Sunday, Jan. 21st, 5-8PM at The OLD CHURCH - 1422 SW 11th Ave. -- you don't want to miss this evening of music, community and love. Tickets will go quickly, so get yours TODAY: https://www.cornelwest2024.com/toc #CornelWest2024 #truthjusticelove #Portland #Oregon","Jan 13, 2024 Â· 4:44 PM UTC",243,20
166,CornelWest,https://twitter.com/CornelWest/status/1745914426702663756#m,"I canâ€™t think of a better place to commemorate MLK Day than Birmingham, and we know the best way to honor Martin and his dear wife Coretta is to continue the struggle through collective resistance and collective acts of selfless service that put and keep us on a path to truth, justice and love. The city, like Brother Martin, is a staple of the 1960s Civil Rights Movement. This Monday, I will be celebrating the work of Brother Martin and Coretta, who made this day possible at the People Over Party Rally - 3PM at Kelly Ingram Park in Birmingham, AL.  To register visit: cornelwest2024.com/mlk_rally #MLKDaySelflessService #TruthJusticeLove #CornelWest2024 #MLKDay #Birmingham","Jan 12, 2024 Â· 9:03 PM UTC",367,32
167,CornelWest,https://twitter.com/CornelWest/status/1745863295414710324#m,"By ordering  air strikes against the sovereign nation of Yemen, @POTUS has likely violated Article I of the Constitution and misused any Authorization to Use Military Force. The House of Representatives is the only governmental body with the power to declare and authorize war. This same president who claims to decry fascism is acting unilaterally and will dare to invoke the words of Brother Martin on Monday while he brings the world closer to World War 3. We must call it out and put an end to it before more precious lives are senselessly and needlessly lost. Make no mistake, these strikes were conducted by a previous and current empire because the Houthis successfully disrupted the flow of global capital via protest to show solidarity with Gaza. I call on the US House of Representatives to conduct an immediate investigation #TruthJusticeLove #CornelWest2024","Jan 12, 2024 Â· 5:40 PM UTC",4783,469
168,CornelWest,https://twitter.com/CornelWest/status/1745576043396595975#m,"My siblings of all colors, I humbly call on you to honor Brother Martinâ€™s legacy by joining us for our Love Warriors MLK Day of Selfless Service. For more info on how you can be in solidarity, visit: cornelwest2024.com/mlk_day_oâ€¦ #MLKDayofService #MLKDay2024 #truthjusticelove #LoveWarriors #CornelWest2024","Jan 11, 2024 Â· 10:38 PM UTC",378,29
169,CornelWest,https://twitter.com/CornelWest/status/1745551961070485849#m,"Today, on Rabbi Abraham Joshua Heschel's birthday, we commemorate his prophetic voice, undying courage, and unshakable tenderness. Amid the ongoing conflicts between Israel and Palestine, and throughout the world, we recognize that justice in these troubled regions requires anchoring our efforts in love. This potent force can resist the lure of indifference and kindle a fire of prophetic witness. By embodying Rabbi Heschel's fearless spirit and relentless pursuit of a world shaped by truth, love, and justice, we truly honor his legacy. #HeschelLegacy #PropheticWitness #TruthJusticeLove #CornelWest2024  ""Remembering the prophetic legacy of Abraham Joshua Heschel""  FULL ARTICLE via @JewishCurrents: https://jewishcurrents.org/the-radical-heschel","Jan 11, 2024 Â· 9:03 PM UTC",154,19
170,CornelWest,https://twitter.com/CornelWest/status/1745546467400364034#m,"As the warranted #ICJ process to hold the State of Israel to account for its brutal and genocidal crimes against the people of Gaza commences, I am reminded of the sage words of Brother Martin whose birthday we will celebrate next week. â€œI knew that I could never again raise my voice against the violence of the oppressed in the ghettos without having first spoken clearly to the greatest purveyor of violence in the world today -- my own government.â€ So we must be honest, the derelict #duopoly who is complicit with these crimes against humanity are also on trial, and itâ€™s our duty to hold them to account with our voices, with our participation in the streets, and, later this year, with our votes.  #TruthJusticeLove #CornelWest2024","Jan 11, 2024 Â· 8:41 PM UTC",1502,93
171,CornelWest,https://twitter.com/CornelWest/status/1745498940542181492#m,"I agree with my dear and brilliant sister @NinaTurner. Too many members of the Derelict #Duopoly will hand pick Brother Martin quotes, deodorize and sanitize them to serve themselves instead of in service to the people - especially poor and working class folk. Shame on these lawmakers adulterating the true legacy of the Radical MLK while being complicit in what he referred to as the Three Main Evils, Poverty, Racism, and Militarism. We will take back Brother Martin's legacy with the same fervor as we take the streets for #TruthJusticeLove. #CornelWest2024","Jan 11, 2024 Â· 5:32 PM UTC",688,41
172,CornelWest,https://twitter.com/CornelWest/status/1745233316620673038#m,"We will be on the ground in #SaltLakeCity on Wednesday, Jan. 17th from 6-8PM! Join us for a special evening of community, conversation and action, as we build momentum to get on the ballot in #Utah. 209 E 500 S, Salt Lake City, UT 84111 -- RSVP: https://www.cornelwest2024.com/utahmeetup #CornelWest2024 #TruthJusticeLove #OnTheMove","Jan 10, 2024 Â· 11:57 PM UTC",277,28
173,CornelWest,https://twitter.com/CornelWest/status/1745163499565908467#m,"In our fight for justice, let's never forget the balance between workers' control and civil liberties. My suspicion of government power, shaped by the shadows of surveillance and COINTELPRO, doesn't halt my commitment to personal freedom and individual rights. From a woman's autonomy over her body to the rights of our gay, lesbian, and trans siblings, these liberties are sacred. Our struggle connects the defense of individual freedoms with the dismantling of oppressive structures. #PersonalLiberty #WorkerJustice #CornelWest2024 #TruthJusticeLove","Jan 10, 2024 Â· 7:19 PM UTC",698,59
174,CornelWest,https://twitter.com/CornelWest/status/1745152785774162190#m,"I deeply enjoyed this rich conversation with my two fellow philosophers, brothers Frank and Agon! #CornelWest2024 #truthjusticelove","Jan 10, 2024 Â· 6:37 PM UTC",315,24
175,CornelWest,https://twitter.com/CornelWest/status/1745152375055397303#m,I once again was blessed to have a rich dialogue with brother Nick and sister Jen! I appreciate their questions and insights! @The_Red_Nation   WATCH: https://inv.tux.pizza/watch?v=bOAnpRK6Clo #CornelWest2024 #truthjusticelove,"Jan 10, 2024 Â· 6:35 PM UTC",127,3
176,CornelWest,https://twitter.com/CornelWest/status/1744902672342466978#m,"How repugnant and insulting to the people of the United States, especially poor and working class folk, that the derelict #duopoly is on the verge of continuing the trend below with a bellicose budget that expands military spending to nearly $900 Billion - more than the next 10 nations COMBINED. When we just learned that 2023 was the hottest year on record, we don't need to reward the biggest emitter and consumer of #fossilfuels, we need to contain them and we need a budget that prioritizes true national security - food, housing, education, healthcare, and addressing the #climatecrisis. Our policy pillars call for slashing the military budget and investing in YOU, the people. Thatâ€™s why as President I will veto ANY spending bill that prioritizes war and greed over people and peace. #TruthJusticeLove #CornelWest2024Â   Credit: National Priorities Project","Jan 10, 2024 Â· 2:03 AM UTC",1916,121
177,CornelWest,https://twitter.com/CornelWest/status/1744527051422618069#m,"Calling on Love Warriors all across the nation to join this #movement to help us get on the ballot in your state, break the US corporate #duopoly, and fight for the integrity and soul of this nation here and around the world. Learn how to join the Love Warriors at: https://www.cornelwest2024.com/volunteer #LoveWarriors #TruthJusticeLove #Volunteer #CornelWest2024","Jan 9, 2024 Â· 1:10 AM UTC",965,90
178,CornelWest,https://twitter.com/CornelWest/status/1744482027607580858#m,"I understand Brother Clyburnâ€™s concerns regarding @POTUS standing with Black folk. The Democrats would not have these issues if they treated Black voters with the dignity we deserve and address the interests of poor and working class Black folk as opposed to their corporate masters. The Democrats have failed to demonstrate that our lives are as important to them as our votes, and nothing proves this more than the New Jim and Jane Crow of #MassIncarceration, the fact that Black folk make up 13% of the total US population but 37% of the unhoused, and the unacceptable situation with Black maternity and infant mortality rates due to #MedicalApartheid. Our campaign offers a new choice for people on the chocolate side of town as much as for folk on the vanilla side of town and all in between. My Policy Pillars will institute real and lasting #RacialJustice and together we will break the derelict #duopoly that takes Black and all poor and working class folk for granted. #TruthJusticeLove #CornelWest2024 https://www.politico.com/news/2024/01/07/clyburn-concerned-biden-standing-black-voters-00134192","Jan 8, 2024 Â· 10:11 PM UTC",1445,97
179,CornelWest,https://twitter.com/CornelWest/status/1744096007452086521#m,"WE ARE LIVE in Leimert Park, Los Angeles at our ""Town Hall to Liberate All People Everywhere"": https://inv.tux.pizza/watch?v=umkAQEi20hM #CornelWest2024 #truthjusticelive #Livestream #share #LeimertPark #LosAngeles #townhall","Jan 7, 2024 Â· 8:37 PM UTC",149,17
